id,kyouin,kamoku,jigen,year,kaikou,created_at,updated_at
1,玉木 隆敏,リーディング・コンプリヘンションⅠ(再履修者用),[青山] 月１（通年）,2017,経済,2017/9/2 5:15,2017/9/2 5:18
2,"GRAY,M.A.",ファンダメンタル・イングリッシュ(再履修者用),[青山] 月１（通年）,2017,経済,2017/9/2 5:15,2017/9/2 7:11
3,須川 美知子,英語圏の言葉と文化(英語演習),[青山] 月１（通年）,2017,経済,2017/9/2 5:15,2017/9/2 5:18
4,広瀬 洋子,英語圏の言葉と文化(英語演習),[青山] 月１（通年）,2017,経済,2017/9/2 5:18,2017/9/2 5:18
5,"VOGT,L.",エリア・スタディーズA,[青山] 月１（前期）,2017,経済,2017/9/2 5:18,2017/9/2 5:18
6,川上 圭,マクロ経済学Ⅰ,[青山] 月１（前期）,2017,経済,2017/9/2 5:18,2017/9/2 5:18
7,元山 斉,経済数学Ⅰ,[青山] 月１（前期）,2017,経済,2017/9/2 5:18,2017/9/2 5:18
8,髙橋 重雄,経済地理,[青山] 月１（前期）,2017,経済,2017/9/2 5:18,2017/9/2 5:18
9,"VOGT,L.",エリア・スタディーズB,[青山] 月１（後期）,2017,経済,2017/9/2 5:18,2017/9/2 5:18
10,中谷 安男,Current Issues,[青山] 月１（後期）,2017,経済,2017/9/2 5:18,2017/9/2 5:18
11,川上 圭,マクロ経済学Ⅱ,[青山] 月１（後期）,2017,経済,2017/9/2 5:18,2017/9/2 5:18
12,元山 斉,経済数学Ⅱ,[青山] 月１（後期）,2017,経済,2017/9/2 5:18,2017/9/2 5:18
13,髙橋 重雄,経済地誌,[青山] 月１（後期）,2017,経済,2017/9/2 5:18,2017/9/2 5:18
14,玉木 隆敏,リーディング・コンプリヘンションⅡ,[青山] 月２（通年）,2017,経済,2017/9/2 5:18,2017/9/2 5:18
15,宇野 毅,リーディング・コンプリヘンションⅡ,[青山] 月２（通年）,2017,経済,2017/9/2 7:11,2017/9/2 7:11
16,須川 美知子,リーディング・コンプリヘンションⅡ,[青山] 月２（通年）,2017,経済,2017/9/2 7:11,2017/9/2 7:11
17,"BUCKLEY,H.L.",リーディング&ディスカッション,[青山] 月２（通年）,2017,経済,2017/9/2 7:11,2017/9/2 7:11
18,"GRAY,M.A.",リーディング&ディスカッション,[青山] 月２（通年）,2017,経済,2017/9/2 7:12,2017/9/2 7:12
19,橋本 清一,英語圏の言葉と文化(英語演習),[青山] 月２（通年）,2017,経済,2017/9/2 7:12,2017/9/2 7:12
20,川上 圭,経済動学Ⅰ,[青山] 月２（前期）,2017,経済,2017/9/2 7:12,2017/9/2 7:12
21,川上 圭,経済動学,[青山] 月２（通年）,2017,経済,2017/9/2 7:12,2017/9/2 7:12
22,宮城島 要,公共経済学Ⅰ,[青山] 月２（前期）,2017,経済,2017/9/2 7:12,2017/9/2 22:53
23,宮城島 要,公共経済学,[青山] 月２（通年）,2017,経済,2017/9/2 7:12,2017/9/2 7:12
24,中込 正樹,応用マクロ経済学Ⅰ,[青山] 月２（前期）,2017,経済,2017/9/2 7:12,2017/9/2 22:53
25,中込 正樹,応用マクロ経済学,[青山] 月２（通年）,2017,経済,2017/9/2 7:12,2017/9/2 7:12
26,白井 邦彦,労働経済論Ⅰ,[青山] 月２（前期）,2017,経済,2017/9/2 7:12,2017/9/2 7:12
27,白井 邦彦,労働経済論,[青山] 月２（通年）,2017,経済,2017/9/2 7:12,2017/9/2 7:12
28,落合 功,演習,[青山] 月２（通年）,2017,経済,2017/9/2 7:12,2017/9/2 7:12
29,伊藤 萬里,演習,[青山] 月２（通年）,2017,経済,2017/9/2 7:12,2017/9/2 7:12
30,落合 功,演習(卒業論文),[青山] 月２（通年）/月３（ペア）,2017,経済,2017/9/2 7:12,2017/9/2 7:12
31,伊藤 萬里,演習(卒業論文),[青山] 月２（通年）/月３（ペア）,2017,経済,2017/9/2 7:12,2017/9/2 7:12
32,宇佐美 明,労働法A,[青山] 月２（前期）,2017,経済,2017/9/2 7:12,2017/9/2 7:12
33,宇佐美 明,労働法,[青山] 月２（通年）,2017,経済,2017/9/2 7:12,2017/9/2 7:12
34,上枝 正幸,初級簿記Ⅰ,[青山] 月２（前期）,2017,経済,2017/9/2 7:12,2017/9/2 7:12
35,上枝 正幸,簿記論,[青山] 月２（通年）,2017,経済,2017/9/2 7:12,2017/9/2 7:12
36,田嶋 規雄,マーケティング論,[青山] 月２（通年）,2017,経済,2017/9/2 7:12,2017/9/2 7:12
37,大沼 宏,財務会計論Ⅰ,[青山] 月２（前期）,2017,経済,2017/9/2 7:12,2017/9/2 7:12
38,大沼 宏,財務会計論,[青山] 月２（通年）,2017,経済,2017/9/2 7:12,2017/9/2 7:12
39,川上 圭,経済動学Ⅱ,[青山] 月２（後期）,2017,経済,2017/9/2 7:12,2017/9/2 7:12
40,宮城島 要,公共経済学Ⅱ,[青山] 月２（後期）,2017,経済,2017/9/2 7:12,2017/9/2 22:53
41,中込 正樹,応用マクロ経済学Ⅱ,[青山] 月２（後期）,2017,経済,2017/9/2 7:13,2017/9/2 22:53
42,白井 邦彦,労働経済論Ⅱ,[青山] 月２（後期）,2017,経済,2017/9/2 7:13,2017/9/2 7:13
43,宇佐美 明,労働法B,[青山] 月２（後期）,2017,経済,2017/9/2 7:13,2017/9/2 7:13
44,上枝 正幸,初級簿記Ⅱ,[青山] 月２（後期）,2017,経済,2017/9/2 7:13,2017/9/2 7:13
45,田嶋 規雄,マーケティング論Ⅱ,[青山] 月２（後期）,2017,経済,2017/9/2 7:13,2017/9/2 7:13
46,大沼 宏,財務会計論Ⅱ,[青山] 月２（後期）,2017,経済,2017/9/2 7:13,2017/9/2 7:13
47,橋本 清一,リーディング・コンプリヘンションⅠ(再履修者用),[青山] 月３（通年）,2017,経済,2017/9/2 7:13,2017/9/2 22:54
48,"GRAY,Mark A.",ファンダメンタル・イングリッシュ(再履修者用),[青山] 月１（通年）,2017,経済,2017/9/2 22:52,2017/9/2 22:52
49,"VOGT,Lisa",エリア・スタディーズA,[青山] 月１（前期）,2017,経済,2017/9/2 22:52,2017/9/2 22:52
50,"VOGT,Lisa",エリア・スタディーズB,[青山] 月１（後期）,2017,経済,2017/9/2 22:52,2017/9/2 22:52
51,"BUCKLEY,Henry L.",リーディング&ディスカッション,[青山] 月２（通年）,2017,経済,2017/9/2 22:52,2017/9/2 22:52
52,"GRAY,Mark A.",リーディング&ディスカッション,[青山] 月２（通年）,2017,経済,2017/9/2 22:52,2017/9/2 22:52
53,"BUCKLEY,Henry L.",ファンダメンタル・イングリッシュ(再履修者用),[青山] 月３（通年）,2017,経済,2017/9/2 22:54,2017/9/2 22:54
54,"VOGT,Lisa",ファンダメンタル・イングリッシュ(再履修者用),[青山] 月３（通年）,2017,経済,2017/9/2 22:54,2017/9/2 22:54
55,小張 敬之,ライティング&コミュニケーション(再履修者用),[青山] 月３（通年）,2017,経済,2017/9/2 22:54,2017/9/2 22:54
56,"GRAY,Mark A.",リーディング&ディスカッション,[青山] 月３（通年）,2017,経済,2017/9/2 22:54,2017/9/2 22:54
57,金田 由紀子,リーディング・コンプリヘンションⅡ,[青山] 月３（通年）,2017,経済,2017/9/2 22:54,2017/9/2 22:54
58,玉木 隆敏,英語圏の言葉と文化(英語演習),[青山] 月３（通年）,2017,経済,2017/9/2 22:54,2017/9/2 22:54
59,宇野 毅,英語圏の言葉と文化(英語演習),[青山] 月３（通年）,2017,経済,2017/9/2 22:54,2017/9/2 22:54
60,元山 斉,経済統計Ⅰ,[青山] 月３（前期）,2017,経済,2017/9/2 22:54,2017/9/2 22:54
61,元山 斉,経済統計,[青山] 月３（通年）,2017,経済,2017/9/2 22:54,2017/9/2 22:54
62,矢吹 初,租税の経済学Ⅰ,[青山] 月３（前期）,2017,経済,2017/9/2 22:54,2017/9/2 22:54
63,三條 和博,GIS入門,[青山] 月３（前期）,2017,経済,2017/9/2 22:54,2017/9/2 22:54
64,山﨑 朗,地域政策論,[青山] 月３（前期）,2017,経済,2017/9/2 22:54,2017/9/2 22:54
65,中込 正樹,演習,[青山] 月３（通年）,2017,経済,2017/9/2 22:54,2017/9/2 22:54
66,中村 隆之,演習,[青山] 月３（通年）,2017,経済,2017/9/2 22:54,2017/9/2 22:54
67,馬場 弓子,演習,[青山] 月３（通年）,2017,経済,2017/9/2 22:54,2017/9/2 22:54
68,川上 圭,演習,[青山] 月３（通年）,2017,経済,2017/9/2 22:54,2017/9/2 22:54
69,水上 英貴,演習,[青山] 月３（通年）,2017,経済,2017/9/2 22:54,2017/9/2 22:54
70,中込 正樹,演習(卒業論文),[青山] 月３（通年）/月４（ペア）,2017,経済,2017/9/2 22:54,2017/9/2 22:54
71,中村 隆之,演習(卒業論文),[青山] 月３（通年）/月４（ペア）,2017,経済,2017/9/2 22:54,2017/9/2 22:54
72,馬場 弓子,演習(卒業論文),[青山] 月３（通年）/月４（ペア）,2017,経済,2017/9/2 22:54,2017/9/2 22:54
73,水上 英貴,演習(卒業論文),[青山] 月３（通年）/月４（ペア）,2017,経済,2017/9/2 22:54,2017/9/2 22:54
74,嶋 正,マーケティング論,[青山] 月３（通年）,2017,経済,2017/9/2 22:54,2017/9/2 22:54
75,元山 斉,経済統計Ⅱ,[青山] 月３（後期）,2017,経済,2017/9/2 22:54,2017/9/2 22:54
76,矢吹 初,租税の経済学Ⅱ,[青山] 月３（後期）,2017,経済,2017/9/2 22:54,2017/9/2 22:54
77,嶋 正,マーケティング論Ⅱ,[青山] 月３（後期）,2017,経済,2017/9/2 22:55,2017/9/2 22:55
78,"HINTON,Robert D.",ファンダメンタル・イングリッシュ(再履修者用),[青山] 月４（通年）,2017,経済,2017/9/2 22:55,2017/9/2 22:55
79,"TWADDELL,William M.",ファンダメンタル・イングリッシュ(再履修者用),[青山] 月４（通年）,2017,経済,2017/9/2 22:55,2017/9/2 22:55
80,"VOGT,Lisa",ファンダメンタル・イングリッシュ(再履修者用),[青山] 月４（通年）,2017,経済,2017/9/2 22:55,2017/9/2 22:55
81,小張 敬之,ライティング&コミュニケーション(再履修者用),[青山] 月４（通年）,2017,経済,2017/9/2 22:55,2017/9/2 22:55
82,"BUCKLEY,Henry L.",リーディング&ディスカッション,[青山] 月４（通年）,2017,経済,2017/9/2 22:55,2017/9/2 22:55
83,加藤 宏,英語圏の言葉と文化(英語演習),[青山] 月４（通年）,2017,経済,2017/9/2 22:55,2017/9/2 22:55
84,堀 広治,英語圏の言葉と文化(英語演習),[青山] 月４（通年）,2017,経済,2017/9/2 22:55,2017/9/2 22:55
85,小林 健太郎,統計学概論Ⅰ,[青山] 月４（前期）,2017,経済,2017/9/2 22:55,2017/9/2 22:55
86,小林 健太郎,統計学概論,[青山] 月４（通年）,2017,経済,2017/9/2 22:55,2017/9/2 22:55
87,後藤 文廣,計量経済学Ⅰ,[青山] 月４（前期）,2017,経済,2017/9/2 22:55,2017/9/2 22:55
88,後藤 文廣,計量経済学,[青山] 月４（通年）,2017,経済,2017/9/2 22:55,2017/9/2 22:55
89,落合 功,日本経済史,[青山] 月４（通年）,2017,経済,2017/9/2 22:55,2017/9/2 22:55
90,伊藤 萬里,国際経済学Ⅰ,[青山] 月４（前期）,2017,経済,2017/9/2 22:55,2017/9/2 22:55
91,伊藤 萬里,国際経済学,[青山] 月４（通年）,2017,経済,2017/9/2 22:55,2017/9/2 22:55
92,植嶋 平治,ビジネスマナー,[青山] 月４（前期）,2017,経済,2017/9/2 22:55,2017/9/2 22:55
93,金田 由紀子,演習,[青山] 月４（通年）,2017,経済,2017/9/2 22:55,2017/9/2 22:55
94,白井 邦彦,演習,[青山] 月４（通年）,2017,経済,2017/9/2 22:55,2017/9/2 22:55
95,宮城島 要,演習,[青山] 月４（通年）,2017,経済,2017/9/2 22:55,2017/9/2 22:55
96,元山 斉,演習,[青山] 月４（通年）,2017,経済,2017/9/2 22:55,2017/9/2 22:55
97,金田 由紀子,演習(卒業論文),[青山] 月４（通年）/月５（ペア）,2017,経済,2017/9/2 22:55,2017/9/2 22:55
98,白井 邦彦,演習(卒業論文),[青山] 月４（通年）/月５（ペア）,2017,経済,2017/9/2 22:55,2017/9/2 22:55
99,矢吹 初,演習(卒業論文),[青山] 月４（通年）/月５（ペア）,2017,経済,2017/9/2 22:55,2017/9/2 22:55
100,宮城島 要,演習(卒業論文),[青山] 月４（通年）/月５（ペア）,2017,経済,2017/9/2 22:55,2017/9/2 22:55
101,元山 斉,演習(卒業論文),[青山] 月４（通年）/月５（ペア）,2017,経済,2017/9/2 22:56,2017/9/2 22:56
102,永井 洋士,民法C,[青山] 月４（前期）,2017,経済,2017/9/2 22:56,2017/9/2 22:56
103,永井 洋士,民法Ⅱ,[青山] 月４（通年）,2017,経済,2017/9/2 22:56,2017/9/2 22:56
104,小林 健太郎,統計学概論Ⅱ,[青山] 月４（後期）,2017,経済,2017/9/2 22:56,2017/9/2 22:56
105,後藤 文廣,計量経済学Ⅱ,[青山] 月４（後期）,2017,経済,2017/9/2 22:56,2017/9/2 22:56
106,落合 功,日本経済史Ⅱ,[青山] 月４（後期）,2017,経済,2017/9/2 22:56,2017/9/2 22:56
107,伊藤 萬里,国際経済学Ⅱ,[青山] 月４（後期）,2017,経済,2017/9/2 22:56,2017/9/2 22:56
108,植嶋 平治,プレゼンテーション,[青山] 月４（後期）,2017,経済,2017/9/2 22:56,2017/9/2 22:56
109,永井 洋士,民法D,[青山] 月４（後期）,2017,経済,2017/9/2 22:56,2017/9/2 22:56
110,"BUCKLEY,Henry L.",ファンダメンタル・イングリッシュ,[青山] 月５（通年）,2017,経済,2017/9/2 22:56,2017/9/2 22:56
111,"HINTON,Robert D.",ファンダメンタル・イングリッシュ(再履修者用),[青山] 月５（通年）,2017,経済,2017/9/2 22:56,2017/9/2 22:56
112,"KASMER,Walter B.",ファンダメンタル・イングリッシュ(再履修者用),[青山] 月５（通年）,2017,経済,2017/9/2 22:56,2017/9/2 22:56
113,堀 広治,ライティング&コミュニケーション(再履修者用),[青山] 月５（通年）,2017,経済,2017/9/2 22:56,2017/9/2 22:56
114,加藤 宏,リーディング・コンプリヘンションⅡ,[青山] 月５（通年）,2017,経済,2017/9/2 22:56,2017/9/2 22:56
115,岡本 さだこ,英語圏の言葉と文化(英語演習),[青山] 月５（通年）,2017,経済,2017/9/2 22:56,2017/9/2 22:56
116,北原 待子,英語圏の言葉と文化(英語演習),[青山] 月５（通年）,2017,経済,2017/9/2 22:56,2017/9/2 22:56
117,奥村 大志,日本語初級A-1,[青山] 月５（前期）,2017,経済,2017/9/2 22:56,2017/9/2 22:56
118,奥村 大志,日本語初級A,[青山] 月５（通年）,2017,経済,2017/9/2 22:56,2017/9/2 22:56
119,中込 正樹,公共哲学Ⅱ(再履修者用),[青山] 月５（前期）,2017,経済,2017/9/2 22:56,2017/9/2 22:56
120,范 力,東洋経済史Ⅰ,[青山] 月５（前期）,2017,経済,2017/9/2 22:56,2017/9/2 22:56
121,范 力,東洋経済史,[青山] 月５（通年）,2017,経済,2017/9/2 22:56,2017/9/2 22:56
122,植嶋 平治,ビジネスマナー,[青山] 月５（前期）,2017,経済,2017/9/2 22:56,2017/9/2 22:56
123,永井 洋士,民法Ⅰ,[青山] 月５（通年）,2017,経済,2017/9/2 22:56,2017/9/2 22:56
124,長谷川 信,経営史Ⅰ,[青山] 月５（前期）,2017,経済,2017/9/2 22:56,2017/9/2 22:56
125,長谷川 信,経営史,[青山] 月５（通年）,2017,経済,2017/9/2 22:57,2017/9/2 22:57
126,奥村 大志,日本語初級A-2,[青山] 月５（後期）,2017,経済,2017/9/2 22:57,2017/9/2 22:57
127,范 力,東洋経済史Ⅱ,[青山] 月５（後期）,2017,経済,2017/9/2 22:57,2017/9/2 22:57
128,中村 隆之,理論特論B,[青山] 月５（後期）,2017,経済,2017/9/2 22:57,2017/9/2 22:57
129,小林 健太郎,地域経済学Ⅱ,[青山] 月５（後期）,2017,経済,2017/9/2 22:57,2017/9/2 22:57
130,植嶋 平治,プレゼンテーション,[青山] 月５（後期）,2017,経済,2017/9/2 22:57,2017/9/2 22:57
131,永井 洋士,民法B,[青山] 月５（後期）,2017,経済,2017/9/2 22:57,2017/9/2 22:57
132,長谷川 信,経営史Ⅱ,[青山] 月５（後期）,2017,経済,2017/9/2 22:57,2017/9/2 22:57
133,船水 直子,リーディング・コンプリヘンションⅠ(再履修者用),[青山] 火１（通年）,2017,経済,2017/9/2 22:57,2017/9/2 22:57
134,"VARGHESE,Mathew",ファンダメンタル・イングリッシュ(再履修者用),[青山] 火１（通年）,2017,経済,2017/9/2 22:57,2017/9/2 22:57
135,須川 美知子,ライティング&コミュニケーション(再履修者用),[青山] 火１（通年）,2017,経済,2017/9/2 22:57,2017/9/2 22:57
136,大久保 雅子,日本語初級C-1,[青山] 火１（前期）,2017,経済,2017/9/2 22:57,2017/9/2 22:57
137,大久保 雅子,日本語初級C,[青山] 火１（通年）,2017,経済,2017/9/2 22:57,2017/9/2 22:57
138,永山 のどか,経済学入門,[青山] 火１（前期）,2017,経済,2017/9/2 22:57,2017/9/2 22:57
139,松本 茂,農業経済論,[青山] 火１（通年）,2017,経済,2017/9/2 22:57,2017/9/2 22:57
140,木村 陽子,都市再生論,[青山] 火１（前期）,2017,経済,2017/9/2 22:57,2017/9/2 22:57
141,小林 弘和,行政学A,[青山] 火１（前期）,2017,経済,2017/9/2 22:57,2017/9/2 22:57
142,中村 芳昭,税法B,[青山] 火１（前期）,2017,経済,2017/9/2 22:57,2017/9/2 22:57
143,中村 芳昭,税法,[青山] 火１（通年）,2017,経済,2017/9/2 22:57,2017/9/2 22:57
144,小林 弘和,行政学,[青山] 火１（通年）,2017,経済,2017/9/2 22:57,2017/9/2 22:57
145,大久保 雅子,日本語初級C-2,[青山] 火１（後期）,2017,経済,2017/9/2 22:57,2017/9/2 22:57
146,水上 英貴,ゲーム理論,[青山] 火１（後期）,2017,経済,2017/9/2 22:57,2017/9/2 22:57
147,松本 茂,農業経済論Ⅱ,[青山] 火１（後期）,2017,経済,2017/9/2 22:57,2017/9/2 22:57
148,芹田 敏夫,理論特論A,[青山] 火１（後期）,2017,経済,2017/9/2 22:57,2017/9/2 22:57
149,小林 弘和,行政学B,[青山] 火１（後期）,2017,経済,2017/9/2 22:57,2017/9/2 22:57
150,中村 芳昭,税法C,[青山] 火１（後期）,2017,経済,2017/9/2 22:57,2017/9/2 22:57
151,"VARGHESE,Mathew",リーディング&ディスカッション,[青山] 火２（通年）,2017,経済,2017/9/2 22:58,2017/9/2 22:58
152,堀 真理子,リーディング・コンプリヘンションⅡ,[青山] 火２（通年）,2017,経済,2017/9/2 22:58,2017/9/2 22:58
153,"MENISH,Marc C.",英語圏の言葉と文化(英語演習),[青山] 火２（通年）,2017,経済,2017/9/2 22:58,2017/9/2 22:58
154,大久保 雅子,日本語中級A-1,[青山] 火２（前期）,2017,経済,2017/9/2 22:58,2017/9/2 22:58
155,大久保 雅子,日本語中級A,[青山] 火２（通年）,2017,経済,2017/9/2 22:58,2017/9/2 22:58
156,西川 雅史,ミクロ経済学講義(再履修者用),[青山] 火２（前期）/金２（ペア）,2017,経済,2017/9/2 22:58,2017/9/2 22:58
157,松本 茂,経済英語入門,[青山] 火２（前期）,2017,経済,2017/9/2 22:58,2017/9/2 22:58
158,小池 祐太,経済数学入門Ⅰ,[青山] 火２（前期）,2017,経済,2017/9/2 22:58,2017/9/2 22:58
159,小池 祐太,経済数学入門,[青山] 火２（通年）,2017,経済,2017/9/2 22:58,2017/9/2 22:58
160,安井 健悟,日本経済論Ⅰ,[青山] 火２（前期）,2017,経済,2017/9/2 22:58,2017/9/2 22:58
161,安井 健悟,日本経済論,[青山] 火２（通年）,2017,経済,2017/9/2 22:58,2017/9/2 22:58
162,芹田 敏夫,応用ミクロ経済学Ⅰ,[青山] 火２（前期）,2017,経済,2017/9/2 22:58,2017/9/2 22:58
163,芹田 敏夫,応用ミクロ経済学,[青山] 火２（通年）,2017,経済,2017/9/2 22:58,2017/9/2 22:58
164,馬場 弓子,産業組織論Ⅰ,[青山] 火２（前期）,2017,経済,2017/9/2 22:58,2017/9/2 22:58
165,馬場 弓子,産業組織論,[青山] 火２（通年）,2017,経済,2017/9/2 22:58,2017/9/2 22:58
166,松尾 孝一,政策特論B,[青山] 火２（前期）,2017,経済,2017/9/2 22:58,2017/9/2 22:58
167,木村 陽子,政策と評価A,[青山] 火２（前期）,2017,経済,2017/9/2 22:58,2017/9/2 22:58
168,吉岡 祐次,ミクロ経済学特論,[青山] 火２（前期）,2017,経済,2017/9/2 22:58,2017/9/2 22:58
169,小野 譲司,マーケティング論Ⅰ,[青山] 火２（前期）,2017,経済,2017/9/2 22:58,2017/9/2 22:58
170,小野 譲司,マーケティング論,[青山] 火２（通年）,2017,経済,2017/9/2 22:58,2017/9/2 22:58
171,大久保 雅子,日本語中級A-2,[青山] 火２（後期）,2017,経済,2017/9/2 22:58,2017/9/2 22:58
172,西川 雅史,公共経済学Ⅰ(再履修者用),[青山] 火２（後期）,2017,経済,2017/9/2 22:58,2017/9/2 22:58
173,松本 茂,経済英語入門,[青山] 火２（後期）,2017,経済,2017/9/2 22:58,2017/9/2 22:58
174,小池 祐太,経済数学入門Ⅱ,[青山] 火２（後期）,2017,経済,2017/9/2 22:58,2017/9/2 22:58
175,芹田 敏夫,応用ミクロ経済学Ⅱ,[青山] 火２（後期）,2017,経済,2017/9/2 22:58,2017/9/2 22:58
176,馬場 弓子,産業組織論Ⅱ,[青山] 火２（後期）,2017,経済,2017/9/2 22:58,2017/9/2 22:58
177,小野 譲司,マーケティング論Ⅱ,[青山] 火２（後期）,2017,経済,2017/9/2 22:59,2017/9/2 22:59
178,須川 美知子,リーディング・コンプリヘンションⅠ(再履修者用),[青山] 火３（通年）,2017,経済,2017/9/2 22:59,2017/9/2 22:59
179,"VARGHESE,Mathew",ファンダメンタル・イングリッシュ(再履修者用),[青山] 火３（通年）,2017,経済,2017/9/2 22:59,2017/9/2 22:59
180,前沢 明枝,ライティング&コミュニケーション(再履修者用),[青山] 火３（通年）,2017,経済,2017/9/2 22:59,2017/9/2 22:59
181,"MENISH,Marc C.",リーディング&ディスカッション,[青山] 火３（通年）,2017,経済,2017/9/2 22:59,2017/9/2 22:59
182,小張 敬之,英語圏の言葉と文化(英語演習),[青山] 火３（通年）,2017,経済,2017/9/2 22:59,2017/9/2 22:59
183,堀 真理子,英語圏の言葉と文化(英語演習),[青山] 火３（通年）,2017,経済,2017/9/2 22:59,2017/9/2 22:59
184,吉岡 祐次,ミクロ経済学演習(再履修者用),[青山] 火３（前期）,2017,経済,2017/9/2 22:59,2017/9/2 22:59
185,水上 英貴,ミクロ経済学Ⅰ,[青山] 火３（前期）,2017,経済,2017/9/2 22:59,2017/9/2 22:59
186,馬場 弓子,特殊講義(ゲーム理論),[青山] 火３（前期）,2017,経済,2017/9/2 22:59,2017/9/2 22:59
187,川瀬 晃弘,経済政策論Ⅰ,[青山] 火３（前期）,2017,経済,2017/9/2 22:59,2017/9/2 22:59
188,川瀬 晃弘,経済政策論,[青山] 火３（通年）,2017,経済,2017/9/2 22:59,2017/9/2 22:59
189,高 準亨,金融特論,[青山] 火３（前期）,2017,経済,2017/9/2 22:59,2017/9/2 22:59
190,中谷 安男,Presentation&Debate,[青山] 火３（前期）,2017,経済,2017/9/2 22:59,2017/9/2 22:59
191,須山 聡,フィールドスタディ,[青山] 火３（前期）,2017,経済,2017/9/2 22:59,2017/9/2 22:59
192,松本 茂,演習,[青山] 火３（通年）,2017,経済,2017/9/2 22:59,2017/9/2 22:59
193,松尾 孝一,演習(卒業論文),[青山] 火３（通年）/火４（ペア）,2017,経済,2017/9/2 22:59,2017/9/2 22:59
194,松本 茂,演習(卒業論文),[青山] 火３（通年）/火４（ペア）,2017,経済,2017/9/2 22:59,2017/9/2 22:59
195,矢澤 憲一,財務会計論Ⅰ,[青山] 火３（前期）,2017,経済,2017/9/2 22:59,2017/9/2 22:59
196,矢澤 憲一,財務会計論,[青山] 火３（通年）,2017,経済,2017/9/2 22:59,2017/9/2 22:59
197,中川 万理子,地域経済学Ⅰ(再履修者用),[青山] 火３（後期）,2017,経済,2017/9/2 22:59,2017/9/2 22:59
198,水上 英貴,ミクロ経済学Ⅱ,[青山] 火３（後期）,2017,経済,2017/9/2 22:59,2017/9/2 22:59
199,川瀬 晃弘,経済政策論Ⅱ,[青山] 火３（後期）,2017,経済,2017/9/2 22:59,2017/9/2 22:59
200,馬場 弓子,特殊講義(マーケット・デザイン),[青山] 火３（後期）,2017,経済,2017/9/2 23:00,2017/9/2 23:00
201,井上 孝,地域人口論,[青山] 火３（後期）,2017,経済,2017/9/2 23:00,2017/9/2 23:00
202,藤村 学,アジア経済特論,[青山] 火３（後期）,2017,経済,2017/9/2 23:00,2017/9/2 23:00
203,吉岡 祐次,租税特論,[青山] 火３（後期）,2017,経済,2017/9/2 23:00,2017/9/2 23:00
204,矢澤 憲一,財務会計論Ⅱ,[青山] 火３（後期）,2017,経済,2017/9/2 23:00,2017/9/2 23:00
205,前沢 明枝,リーディング・コンプリヘンションⅡ,[青山] 火４（通年）,2017,経済,2017/9/2 23:00,2017/9/2 23:00
206,金田 由紀子,英語圏の言葉と文化(英語演習),[青山] 火４（通年）,2017,経済,2017/9/2 23:00,2017/9/2 23:00
207,中谷 安男,ビジネス・コミュニケーション,[青山] 火４（前期）,2017,経済,2017/9/2 23:00,2017/9/2 23:00
208,落合 功,経済史概論Ⅰ,[青山] 火４（前期）,2017,経済,2017/9/2 23:00,2017/9/2 23:00
209,川瀬 晃弘,公共政策論Ⅰ,[青山] 火４（前期）,2017,経済,2017/9/2 23:00,2017/9/2 23:00
210,水上 英貴,応用ゲーム理論,[青山] 火４（前期）,2017,経済,2017/9/2 23:00,2017/9/2 23:00
211,井上 泰日子,産業論(航空事業Ⅰ),[青山] 火４（前期）,2017,経済,2017/9/2 23:00,2017/9/2 23:00
212,馬場 弓子,外国書講読,[青山] 火４（前期）,2017,経済,2017/9/2 23:00,2017/9/2 23:00
213,髙嶋 修一,経済史特論B,[青山] 火４（前期）,2017,経済,2017/9/2 23:00,2017/9/2 23:00
214,小張 敬之,演習,[青山] 火４（通年）,2017,経済,2017/9/2 23:00,2017/9/2 23:00
215,堀 真理子,演習,[青山] 火４（通年）,2017,経済,2017/9/2 23:00,2017/9/2 23:00
216,"MENISH,Marc C.",演習,[青山] 火４（通年）,2017,経済,2017/9/2 23:00,2017/9/2 23:00
217,高 準亨,演習,[青山] 火４（通年）,2017,経済,2017/9/2 23:00,2017/9/2 23:00
218,小張 敬之,演習(卒業論文),[青山] 火４（通年）/火５（ペア）,2017,経済,2017/9/2 23:00,2017/9/2 23:00
219,堀 真理子,演習(卒業論文),[青山] 火４（通年）/火５（ペア）,2017,経済,2017/9/2 23:00,2017/9/2 23:00
220,"MENISH,Marc C.",演習(卒業論文),[青山] 火４（通年）/火５（ペア）,2017,経済,2017/9/2 23:00,2017/9/2 23:00
221,高 準亨,演習(卒業論文),[青山] 火４（通年）/火５（ペア）,2017,経済,2017/9/2 23:00,2017/9/2 23:00
222,松田 憲忠,政治学原論A,[青山] 火４（前期）,2017,経済,2017/9/2 23:00,2017/9/2 23:00
223,松田 憲忠,政治学原論,[青山] 火４（通年）,2017,経済,2017/9/2 23:00,2017/9/2 23:00
224,奥田 喜道,行政法A,[青山] 火４（前期）/木２（ペア）,2017,経済,2017/9/2 23:00,2017/9/2 23:00
225,落合 功,経済史概論Ⅱ,[青山] 火４（後期）,2017,経済,2017/9/2 23:00,2017/9/2 23:00
226,川瀬 晃弘,公共政策論Ⅱ,[青山] 火４（後期）,2017,経済,2017/9/2 23:00,2017/9/2 23:00
227,井上 泰日子,産業論(航空事業Ⅱ),[青山] 火４（後期）,2017,経済,2017/9/2 23:01,2017/9/2 23:01
228,馬場 弓子,外国書講読,[青山] 火４（後期）,2017,経済,2017/9/2 23:01,2017/9/2 23:01
229,吉岡 祐次,ツールとしてのゲーム理論,[青山] 火４（後期）,2017,経済,2017/9/2 23:01,2017/9/2 23:01
230,松田 憲忠,政治学原論B,[青山] 火４（後期）,2017,経済,2017/9/2 23:01,2017/9/2 23:01
231,金田 由紀子,リーディング・コンプリヘンションⅠ,[青山] 火５（通年）,2017,経済,2017/9/2 23:01,2017/9/2 23:01
232,古山 みゆき,英語圏の言葉と文化(英語演習),[青山] 火５（通年）,2017,経済,2017/9/2 23:01,2017/9/2 23:01
233,妹尾 新太郎,英語資格試験準備講座A(TOEFL),[青山] 火５（前期）,2017,経済,2017/9/2 23:01,2017/9/2 23:01
234,髙嶋 修一,経済史概論Ⅰ,[青山] 火５（前期）,2017,経済,2017/9/2 23:01,2017/9/2 23:01
235,後藤 文廣,数理統計Ⅰ,[青山] 火５（前期）,2017,経済,2017/9/2 23:01,2017/9/2 23:01
236,後藤 文廣,数理統計,[青山] 火５（通年）,2017,経済,2017/9/2 23:01,2017/9/2 23:01
237,安井 健悟,特殊講義(ビジネス経済学1),[青山] 火５（前期）,2017,経済,2017/9/2 23:01,2017/9/2 23:01
238,木村 公一朗,各国経済論BⅠ,[青山] 火５（前期）,2017,経済,2017/9/2 23:01,2017/9/2 23:01
239,木村 公一朗,各国経済論B,[青山] 火５（通年）,2017,経済,2017/9/2 23:01,2017/9/2 23:01
240,藤村 学,経済・金融事情(ジャーナリズム・企業分析),[青山] 火５（前期）,2017,経済,2017/9/2 23:01,2017/9/2 23:01
241,妹尾 新太郎,英語資格試験準備講座B(TOEIC),[青山] 火５（後期）,2017,経済,2017/9/2 23:01,2017/9/2 23:01
242,髙嶋 修一,経済史概論Ⅱ,[青山] 火５（後期）,2017,経済,2017/9/2 23:01,2017/9/2 23:01
243,安井 健悟,特殊講義(ビジネス経済学2),[青山] 火５（後期）,2017,経済,2017/9/2 23:01,2017/9/2 23:01
244,木村 公一朗,各国経済論BⅡ,[青山] 火５（後期）,2017,経済,2017/9/2 23:01,2017/9/2 23:01
245,藤村 学,産業論(証券ビジネス),[青山] 火５（後期）,2017,経済,2017/9/2 23:01,2017/9/2 23:01
246,中川 辰洋,グローバル経済A,[青山] 火５（後期）,2017,経済,2017/9/2 23:01,2017/9/2 23:01
247,井上 孝,地域人口特論,[青山] 火５（後期）,2017,経済,2017/9/2 23:01,2017/9/2 23:01
248,岡本 さだこ,リーディング・コンプリヘンションⅠ(再履修者用),[青山] 水１（通年）,2017,経済,2017/9/2 23:01,2017/9/2 23:01
249,福島 君子,リーディング・コンプリヘンションⅠ(再履修者用),[青山] 水１（通年）,2017,経済,2017/9/2 23:01,2017/9/2 23:01
250,中尾 正史,ライティング&コミュニケーション(再履修者用),[青山] 水１（通年）,2017,経済,2017/9/2 23:01,2017/9/2 23:01
251,本間 俊一,ライティング&コミュニケーション(再履修者用),[青山] 水１（通年）,2017,経済,2017/9/2 23:01,2017/9/2 23:02
252,髙橋 重雄/髙橋 朋一/中川 辰洋/西川 雅史/藤村 学/宮原 勝一/吉岡 祐次,現代経済デザイン総合講義(再履修者用),[青山] 水１（前期）,2017,経済,2017/9/2 23:02,2017/9/2 23:02
253,佐藤 惣哉,マクロ経済学Ⅰ,[青山] 水１（前期）,2017,経済,2017/9/2 23:02,2017/9/2 23:02
254,佐藤 惣哉,マクロ経済学,[青山] 水１（通年）,2017,経済,2017/9/2 23:02,2017/9/2 23:02
255,山下 裕企,初級簿記Ⅰ,[青山] 水１（前期）,2017,経済,2017/9/2 23:02,2017/9/2 23:02
256,山下 裕企,簿記論,[青山] 水１（通年）,2017,経済,2017/9/2 23:02,2017/9/2 23:02
257,山下 裕企,初級簿記Ⅱ,[青山] 水１（後期）,2017,経済,2017/9/2 23:02,2017/9/2 23:02
258,本間 俊一,リーディング・コンプリヘンションⅠ(再履修者用),[青山] 水２（通年）,2017,経済,2017/9/2 23:02,2017/9/2 23:02
259,岡本 さだこ,ライティング&コミュニケーション(再履修者用),[青山] 水２（通年）,2017,経済,2017/9/2 23:02,2017/9/2 23:02
260,島﨑 三津子,ライティング&コミュニケーション(再履修者用),[青山] 水２（通年）,2017,経済,2017/9/2 23:02,2017/9/2 23:02
261,福島 君子,ライティング&コミュニケーション(再履修者用),[青山] 水２（通年）,2017,経済,2017/9/2 23:02,2017/9/2 23:02
262,北原 待子,ライティング&コミュニケーション(再履修者用),[青山] 水２（通年）,2017,経済,2017/9/2 23:02,2017/9/2 23:02
263,中尾 正史,リーディング・コンプリヘンションⅡ,[青山] 水２（通年）,2017,経済,2017/9/2 23:02,2017/9/2 23:02
264,永田 雅啓,金融論Ⅰ,[青山] 水２（前期）,2017,経済,2017/9/2 23:02,2017/9/2 23:02
265,永田 雅啓,金融論,[青山] 水２（通年）,2017,経済,2017/9/2 23:02,2017/9/2 23:02
266,中内 基博,事業戦略論Ⅰ,[青山] 水２（前期）,2017,経済,2017/9/2 23:02,2017/9/2 23:02
267,永田 雅啓,金融論Ⅱ,[青山] 水２（後期）,2017,経済,2017/9/2 23:02,2017/9/2 23:02
268,佐藤 惣哉,入門経済数学Ⅱ,[青山] 水２（後期）,2017,経済,2017/9/2 23:02,2017/9/2 23:02
269,中内 基博,事業戦略論Ⅱ,[青山] 水２（後期）,2017,経済,2017/9/2 23:24,2017/9/2 23:24
270,宮﨑 恵子,日本語初級B-1,[青山] 水３（前期）,2017,経済,2017/9/2 23:24,2017/9/2 23:24
271,髙原 康太郎,財務会計論Ⅰ,[青山] 水３（前期）,2017,経済,2017/9/2 23:24,2017/9/2 23:24
272,髙原 康太郎,財務会計論,[青山] 水３（通年）,2017,経済,2017/9/2 23:24,2017/9/2 23:24
273,宮﨑 恵子,日本語初級B-2,[青山] 水３（後期）,2017,経済,2017/9/2 23:24,2017/9/2 23:24
274,髙原 康太郎,財務会計論Ⅱ,[青山] 水３（後期）,2017,経済,2017/9/2 23:25,2017/9/2 23:25
275,宮﨑 恵子,日本語中級B-1,[青山] 水４（前期）,2017,経済,2017/9/2 23:25,2017/9/2 23:25
276,宮﨑 恵子,日本語中級B,[青山] 水４（通年）,2017,経済,2017/9/2 23:25,2017/9/2 23:25
277,元山 斉,産業論(知的エンタテイメント産業Ⅰ),[青山] 水４（前期）,2017,経済,2017/9/2 23:25,2017/9/2 23:25
278,宮﨑 恵子,日本語中級B-2,[青山] 水４（後期）,2017,経済,2017/9/2 23:25,2017/9/2 23:25
279,元山 斉,産業論(知的エンタテイメント産業Ⅱ),[青山] 水４（後期）,2017,経済,2017/9/2 23:25,2017/9/2 23:25
280,須田 昌弥,卒業論文,[青山] 水６（通年）,2017,経済,2017/9/2 23:25,2017/9/2 23:25
281,髙橋 重雄,卒業論文,[青山] 水６（通年）,2017,経済,2017/9/2 23:25,2017/9/2 23:25
282,髙橋 朋一,卒業論文,[青山] 水６（通年）,2017,経済,2017/9/2 23:25,2017/9/2 23:25
283,中川 辰洋,卒業論文,[青山] 水６（通年）,2017,経済,2017/9/2 23:25,2017/9/2 23:25
284,西川 雅史,卒業論文,[青山] 水６（通年）,2017,経済,2017/9/2 23:25,2017/9/2 23:25
285,藤村 学,卒業論文,[青山] 水６（通年）,2017,経済,2017/9/2 23:25,2017/9/2 23:25
286,宮原 勝一,卒業論文,[青山] 水６（通年）,2017,経済,2017/9/2 23:25,2017/9/2 23:25
287,吉岡 祐次,卒業論文,[青山] 水６（通年）,2017,経済,2017/9/2 23:25,2017/9/2 23:25
288,藤牧 新,リーディング・コンプリヘンションⅠ(再履修者用),[青山] 木１（通年）,2017,経済,2017/9/2 23:25,2017/9/2 23:25
289,"BUNDT,Loren L.",ファンダメンタル・イングリッシュ(再履修者用),[青山] 木１（通年）,2017,経済,2017/9/2 23:25,2017/9/2 23:25
290,"CRANE,Gene A.",リーディング&ディスカッション,[青山] 木１（通年）,2017,経済,2017/9/2 23:25,2017/9/2 23:25
291,"KASMER,Walter B.",リーディング&ディスカッション,[青山] 木１（通年）,2017,経済,2017/9/2 23:25,2017/9/2 23:25
292,"TWADDELL,William M.",English Grammar & Usage,[青山] 木１（前期）,2017,経済,2017/9/2 23:25,2017/9/2 23:25
293,"TWADDELL,William M.",アドバンスト・ライティング,[青山] 木１（通年）,2017,経済,2017/9/2 23:25,2017/9/2 23:25
294,髙橋 朋一,経済情報,[青山] 木１（前期）,2017,経済,2017/9/2 23:25,2017/9/2 23:25
295,佐藤 惣哉,経済学入門,[青山] 木１（前期）,2017,経済,2017/9/2 23:25,2017/9/2 23:25
296,吉田 健三,社会保障論Ⅰ,[青山] 木１（前期）,2017,経済,2017/9/2 23:25,2017/9/2 23:25
297,吉田 健三,社会保障論,[青山] 木１（通年）,2017,経済,2017/9/2 23:25,2017/9/2 23:25
298,永山 のどか,現代欧米経済史Ⅰ,[青山] 木１（前期）,2017,経済,2017/9/2 23:25,2017/9/2 23:25
299,永山 のどか,現代欧米経済史,[青山] 木１（通年）,2017,経済,2017/9/2 23:25,2017/9/2 23:25
300,中村 隆之,経済思想史Ⅰ,[青山] 木１（前期）,2017,経済,2017/9/2 23:25,2017/9/2 23:25
301,中村 隆之,経済思想史,[青山] 木１（通年）,2017,経済,2017/9/2 23:25,2017/9/2 23:25
302,藤村 学,開発経済学,[青山] 木１（前期）,2017,経済,2017/9/2 23:26,2017/9/2 23:26
303,中川 辰洋,公共地域政策論,[青山] 木１（前期）,2017,経済,2017/9/2 23:26,2017/9/2 23:26
304,小林 群司,商法A(Ⅰ),[青山] 木１（前期）,2017,経済,2017/9/2 23:26,2017/9/2 23:26
305,小林 群司,商法Ⅱ,[青山] 木１（通年）,2017,経済,2017/9/2 23:26,2017/9/2 23:26
306,"TWADDELL,William M.",アカデミック・ライティング,[青山] 木１（後期）,2017,経済,2017/9/2 23:26,2017/9/2 23:26
307,永山 のどか,現代欧米経済史Ⅱ,[青山] 木１（後期）,2017,経済,2017/9/2 23:26,2017/9/2 23:26
308,中村 隆之,経済思想史Ⅱ,[青山] 木１（後期）,2017,経済,2017/9/2 23:26,2017/9/2 23:26
309,髙橋 朋一,GISによる空間分析Ⅰ,[青山] 木１（後期）,2017,経済,2017/9/2 23:26,2017/9/2 23:26
310,藤村 学,政策と評価B,[青山] 木１（後期）,2017,経済,2017/9/2 23:26,2017/9/2 23:26
311,小林 群司,商法A(Ⅱ),[青山] 木１（後期）,2017,経済,2017/9/2 23:26,2017/9/2 23:26
312,藤牧 新,リーディング・コンプリヘンションⅡ,[青山] 木２（通年）,2017,経済,2017/9/2 23:26,2017/9/2 23:26
313,"CRANE,Gene A.",リーディング&ディスカッション,[青山] 木２（通年）,2017,経済,2017/9/2 23:26,2017/9/2 23:26
314,"KASMER,Walter B.",リーディング&ディスカッション,[青山] 木２（通年）,2017,経済,2017/9/2 23:26,2017/9/2 23:26
315,髙橋 朋一,経済情報,[青山] 木２（前期）,2017,経済,2017/9/2 23:26,2017/9/2 23:26
316,中村 隆之,経済学入門,[青山] 木２（前期）,2017,経済,2017/9/2 23:26,2017/9/2 23:26
317,伊藤 萬里,経済英語入門,[青山] 木２（前期）,2017,経済,2017/9/2 23:26,2017/9/2 23:26
318,宮城島 要,ミクロ経済学Ⅰ,[青山] 木２（前期）,2017,経済,2017/9/2 23:26,2017/9/2 23:26
319,宮城島 要,ミクロ経済学,[青山] 木２（通年）,2017,経済,2017/9/2 23:26,2017/9/2 23:26
320,松本 茂,環境経済学Ⅰ,[青山] 木２（前期）,2017,経済,2017/9/2 23:26,2017/9/2 23:26
321,髙嶋 修一,現代日本経済史Ⅰ,[青山] 木２（前期）,2017,経済,2017/9/2 23:26,2017/9/2 23:26
322,松本 茂,環境経済学,[青山] 木２（通年）,2017,経済,2017/9/2 23:26,2017/9/2 23:26
323,髙嶋 修一,現代日本経済史,[青山] 木２（通年）,2017,経済,2017/9/2 23:26,2017/9/2 23:26
324,元山 斉,情報・統計特論,[青山] 木２（前期）,2017,経済,2017/9/2 23:26,2017/9/2 23:26
325,藤村 学,公共地域政策論(地域),[青山] 木２（前期）,2017,経済,2017/9/2 23:26,2017/9/2 23:26
326,宮原 勝一,経済・金融事情(総合),[青山] 木２（前期）,2017,経済,2017/9/2 23:26,2017/9/2 23:26
327,永山 のどか,演習,[青山] 木２（通年）,2017,経済,2017/9/2 23:26,2017/9/2 23:26
328,永山 のどか,演習(卒業論文),[青山] 木２（通年）/木３（ペア）,2017,経済,2017/9/2 23:26,2017/9/2 23:26
329,吉岡 祐次,専門演習Ⅰ,[青山] 木２（通年）,2017,経済,2017/9/2 23:27,2017/9/2 23:27
330,伊藤 萬里,経済英語入門,[青山] 木２（後期）,2017,経済,2017/9/2 23:27,2017/9/2 23:27
331,宮城島 要,ミクロ経済学Ⅱ,[青山] 木２（後期）,2017,経済,2017/9/2 23:27,2017/9/2 23:27
332,松本 茂,環境経済学Ⅱ,[青山] 木２（後期）,2017,経済,2017/9/2 23:27,2017/9/2 23:27
333,髙嶋 修一,現代日本経済史Ⅱ,[青山] 木２（後期）,2017,経済,2017/9/2 23:27,2017/9/2 23:27
334,髙橋 朋一,入門統計学Ⅰ,[青山] 木２（後期）,2017,経済,2017/9/2 23:27,2017/9/2 23:27
335,宮原 勝一,公的規制の経済学,[青山] 木２（後期）,2017,経済,2017/9/2 23:27,2017/9/2 23:27
336,中川 辰洋,経済・金融事情(EU経済),[青山] 木２（後期）,2017,経済,2017/9/2 23:27,2017/9/2 23:27
337,"CRANE,Gene A.",ファンダメンタル・イングリッシュ(再履修者用),[青山] 木３（通年）,2017,経済,2017/9/2 23:27,2017/9/2 23:27
338,"DARLING,Martin W.",ファンダメンタル・イングリッシュ(再履修者用),[青山] 木３（通年）,2017,経済,2017/9/2 23:27,2017/9/2 23:27
339,寺西 範恭,ライティング&コミュニケーション(再履修者用),[青山] 木３（通年）,2017,経済,2017/9/2 23:27,2017/9/2 23:27
340,高橋 ひさ子,リーディング・コンプリヘンションⅡ,[青山] 木３（通年）,2017,経済,2017/9/2 23:27,2017/9/2 23:27
341,堀 真理子,リーディング・コンプリヘンションⅡ,[青山] 木３（通年）,2017,経済,2017/9/2 23:27,2017/9/2 23:27
342,中村 隆之,経済学入門,[青山] 木３（前期）,2017,経済,2017/9/2 23:27,2017/9/2 23:27
343,伊藤 萬里,国際経済学Ⅰ,[青山] 木３（前期）,2017,経済,2017/9/2 23:27,2017/9/2 23:27
344,伊藤 萬里,国際経済学,[青山] 木３（通年）,2017,経済,2017/9/2 23:27,2017/9/2 23:27
345,松尾 孝一,社会政策論Ⅰ,[青山] 木３（前期）,2017,経済,2017/9/2 23:27,2017/9/2 23:27
346,松尾 孝一,社会政策論,[青山] 木３（通年）,2017,経済,2017/9/2 23:27,2017/9/2 23:27
347,髙橋 朋一,GISによる空間分析Ⅲ,[青山] 木３（前期）,2017,経済,2017/9/2 23:27,2017/9/2 23:27
348,芹田 敏夫,演習,[青山] 木３（通年）,2017,経済,2017/9/2 23:27,2017/9/2 23:27
349,中村 まづる,演習,[青山] 木３（通年）,2017,経済,2017/9/2 23:27,2017/9/2 23:27
350,吉田 健三,演習,[青山] 木３（通年）,2017,経済,2017/9/2 23:27,2017/9/2 23:27
351,芹田 敏夫,演習(卒業論文),[青山] 木３（通年）/木４（ペア）,2017,経済,2017/9/2 23:27,2017/9/2 23:27
352,中村 まづる,演習(卒業論文),[青山] 木３（通年）/木４（ペア）,2017,経済,2017/9/2 23:27,2017/9/2 23:27
353,吉田 健三,演習(卒業論文),[青山] 木３（通年）/木４（ペア）,2017,経済,2017/9/2 23:27,2017/9/2 23:27
354,中川 辰洋,専門演習Ⅰ,[青山] 木３（通年）,2017,経済,2017/9/2 23:27,2017/9/2 23:27
355,吉岡 祐次,専門演習Ⅱ,[青山] 木３（前期）,2017,経済,2017/9/2 23:28,2017/9/2 23:28
356,伊藤 萬里,国際経済学Ⅱ,[青山] 木３（後期）,2017,経済,2017/9/2 23:28,2017/9/2 23:28
357,松尾 孝一,社会政策論Ⅱ,[青山] 木３（後期）,2017,経済,2017/9/2 23:28,2017/9/2 23:28
358,髙橋 朋一,GISによる空間分析Ⅱ,[青山] 木３（後期）,2017,経済,2017/9/2 23:28,2017/9/2 23:28
359,藤村 学,グローバル経済B,[青山] 木３（後期）,2017,経済,2017/9/2 23:28,2017/9/2 23:28
360,吉岡 祐次,基礎演習,[青山] 木３（後期）,2017,経済,2017/9/2 23:28,2017/9/2 23:28
361,妹尾 新太郎,リーディング・コンプリヘンションⅠ(再履修者用),[青山] 木４（通年）,2017,経済,2017/9/2 23:28,2017/9/2 23:28
362,高橋 ひさ子,ライティング&コミュニケーション(再履修者用),[青山] 木４（通年）,2017,経済,2017/9/2 23:28,2017/9/2 23:28
363,堀 広治,リーディング・コンプリヘンションⅡ,[青山] 木４（通年）,2017,経済,2017/9/2 23:28,2017/9/2 23:28
364,"DARLING,Martin W.",リーディング&ディスカッション,[青山] 木４（通年）,2017,経済,2017/9/2 23:28,2017/9/2 23:28
365,松尾 孝一,経済英語入門,[青山] 木４（前期）,2017,経済,2017/9/2 23:28,2017/9/2 23:28
366,白井 邦彦,経済学入門,[青山] 木４（前期）,2017,経済,2017/9/2 23:28,2017/9/2 23:28
367,中村 隆之,経済学史Ⅰ,[青山] 木４（前期）,2017,経済,2017/9/2 23:28,2017/9/2 23:28
368,中村 隆之,経済学史,[青山] 木４（通年）,2017,経済,2017/9/2 23:28,2017/9/2 23:28
369,沖山 充,産業論(自動車産業),[青山] 木４（前期）,2017,経済,2017/9/2 23:28,2017/9/2 23:28
370,袁 媛,金融システム論,[青山] 木４（前期）,2017,経済,2017/9/2 23:28,2017/9/2 23:28
371,宮原 勝一,マクロ経済学講義,[青山] 木４（通年）,2017,経済,2017/9/2 23:28,2017/9/2 23:28
372,後藤 文廣,演習,[青山] 木４（通年）,2017,経済,2017/9/2 23:28,2017/9/2 23:28
373,髙嶋 修一,演習,[青山] 木４（通年）,2017,経済,2017/9/2 23:28,2017/9/2 23:28
374,安井 健悟,演習,[青山] 木４（通年）,2017,経済,2017/9/2 23:28,2017/9/2 23:28
375,後藤 文廣,演習(卒業論文),[青山] 木４（通年）/木５（ペア）,2017,経済,2017/9/2 23:28,2017/9/2 23:28
376,髙嶋 修一,演習(卒業論文),[青山] 木４（通年）/木５（ペア）,2017,経済,2017/9/2 23:28,2017/9/2 23:28
377,髙橋 朋一,専門演習Ⅰ,[青山] 木４（通年）,2017,経済,2017/9/2 23:28,2017/9/2 23:28
378,藤村 学,専門演習Ⅰ,[青山] 木４（通年）,2017,経済,2017/9/2 23:28,2017/9/2 23:28
379,中川 辰洋,専門演習Ⅱ,[青山] 木４（前期）,2017,経済,2017/9/2 23:28,2017/9/2 23:28
380,高松 朋史,事業戦略論Ⅰ,[青山] 木４（前期）,2017,経済,2017/9/2 23:29,2017/9/2 23:29
381,松尾 孝一,経済英語入門,[青山] 木４（後期）,2017,経済,2017/9/2 23:29,2017/9/2 23:29
382,中村 隆之,経済学史Ⅱ,[青山] 木４（後期）,2017,経済,2017/9/2 23:29,2017/9/2 23:29
383,平出 尚道,産業論(税法),[青山] 木４（後期）,2017,経済,2017/9/2 23:29,2017/9/2 23:29
384,袁 媛,金融政策論,[青山] 木４（後期）,2017,経済,2017/9/2 23:29,2017/9/2 23:29
385,田中 敬文,NPO論B,[青山] 木４（後期）,2017,経済,2017/9/2 23:29,2017/9/2 23:29
386,中川 辰洋,基礎演習,[青山] 木４（後期）,2017,経済,2017/9/2 23:29,2017/9/2 23:29
387,高松 朋史,事業戦略論Ⅱ,[青山] 木４（後期）,2017,経済,2017/9/2 23:29,2017/9/2 23:29
388,高橋 ひさ子,リーディング・コンプリヘンションⅠ(再履修者用),[青山] 木５（通年）,2017,経済,2017/9/2 23:29,2017/9/2 23:29
389,"DARLING,Martin W.",ファンダメンタル・イングリッシュ(再履修者用),[青山] 木５（通年）,2017,経済,2017/9/2 23:29,2017/9/2 23:29
390,妹尾 新太郎,リーディング・コンプリヘンションⅡ,[青山] 木５（通年）,2017,経済,2017/9/2 23:29,2017/9/2 23:29
391,芹田 敏夫,ミクロ経済学Ⅰ,[青山] 木５（前期）,2017,経済,2017/9/2 23:29,2017/9/2 23:29
392,白井 邦彦,産業特論,[青山] 木５（前期）,2017,経済,2017/9/2 23:29,2017/9/2 23:29
393,吉岡 祐次,公共経済学Ⅲ,[青山] 木５（前期）,2017,経済,2017/9/2 23:29,2017/9/2 23:29
394,髙橋 朋一,専門演習Ⅱ,[青山] 木５（前期）,2017,経済,2017/9/2 23:29,2017/9/2 23:29
395,藤村 学,専門演習Ⅱ,[青山] 木５（前期）,2017,経済,2017/9/2 23:29,2017/9/2 23:29
396,芹田 敏夫,ミクロ経済学Ⅱ,[青山] 木５（後期）,2017,経済,2017/9/2 23:29,2017/9/2 23:29
397,吉岡 祐次,厚生経済学,[青山] 木５（後期）,2017,経済,2017/9/2 23:29,2017/9/2 23:29
398,田中 敬文,NPO論A,[青山] 木５（後期）,2017,経済,2017/9/2 23:29,2017/9/2 23:29
399,中川 辰洋,EU経済特論,[青山] 木５（後期）,2017,経済,2017/9/2 23:29,2017/9/2 23:29
400,髙橋 朋一,基礎演習,[青山] 木５（後期）,2017,経済,2017/9/2 23:29,2017/9/2 23:29
401,藤村 学,基礎演習,[青山] 木５（後期）,2017,経済,2017/9/2 23:29,2017/9/2 23:29
402,堀 千和子,リーディング・コンプリヘンションⅡ,[青山] 金１（通年）,2017,経済,2017/9/2 23:29,2017/9/2 23:29
403,"CRANE,Gene A.",リーディング&ディスカッション,[青山] 金１（通年）,2017,経済,2017/9/2 23:29,2017/9/2 23:29
404,"VOGT,Lisa",リーディング&ディスカッション,[青山] 金１（通年）,2017,経済,2017/9/2 23:29,2017/9/2 23:29
405,"HUNKE,Morten",英語圏の言葉と文化(英語演習),[青山] 金１（通年）,2017,経済,2017/9/2 23:29,2017/9/2 23:29
406,玉木 隆敏,英語圏の言葉と文化(英語演習),[青山] 金１（通年）,2017,経済,2017/9/2 23:29,2017/9/2 23:29
407,高 準亨,オープンマクロ経済学Ⅰ,[青山] 金１（前期）,2017,経済,2017/9/2 23:30,2017/9/2 23:30
408,高 準亨,オープンマクロ経済学,[青山] 金１（通年）,2017,経済,2017/9/2 23:30,2017/9/2 23:30
409,吉田 健三,特殊講義(社会保障と保険1),[青山] 金１（前期）,2017,経済,2017/9/2 23:30,2017/9/2 23:30
410,高 準亨,オープンマクロ経済学Ⅱ,[青山] 金１（後期）,2017,経済,2017/9/2 23:30,2017/9/2 23:30
411,吉田 健三,特殊講義(社会保障と保険2),[青山] 金１（後期）,2017,経済,2017/9/2 23:30,2017/9/2 23:30
412,吉岡 祐次,公共経済学Ⅱ,[青山] 金１（後期）,2017,経済,2017/9/2 23:30,2017/9/2 23:30
413,舟橋 美香,リーディング・コンプリヘンションⅠ(再履修者用),[青山] 金２（通年）,2017,経済,2017/9/2 23:30,2017/9/2 23:30
414,堀 千和子,リーディング・コンプリヘンションⅠ(再履修者用),[青山] 金２（通年）,2017,経済,2017/9/2 23:30,2017/9/2 23:30
415,"CRANE,Gene A.",ファンダメンタル・イングリッシュ(再履修者用),[青山] 金２（通年）,2017,経済,2017/9/2 23:30,2017/9/2 23:30
416,"VOGT,Lisa",ファンダメンタル・イングリッシュ(再履修者用),[青山] 金２（通年）,2017,経済,2017/9/2 23:30,2017/9/2 23:30
417,"HUNKE,Morten",ファンダメンタル・イングリッシュ(再履修者用),[青山] 金２（通年）,2017,経済,2017/9/2 23:30,2017/9/2 23:30
418,山下 喜代,日本語上級-1,[青山] 金２（前期）,2017,経済,2017/9/2 23:30,2017/9/2 23:30
419,山下 喜代,日本語上級,[青山] 金２（通年）,2017,経済,2017/9/2 23:30,2017/9/2 23:30
420,玉木 隆敏,スピーチ・クリニック,[青山] 金２（通年）,2017,経済,2017/9/2 23:30,2017/9/2 23:30
421,菊地 進,統計学概論Ⅰ,[青山] 金２（前期）,2017,経済,2017/9/2 23:30,2017/9/2 23:30
422,菊地 進,統計学概論,[青山] 金２（通年）,2017,経済,2017/9/2 23:30,2017/9/2 23:30
423,矢吹 初,財政学基礎,[青山] 金２（前期）,2017,経済,2017/9/2 23:30,2017/9/2 23:30
424,平出 尚道,欧米経済史Ⅰ,[青山] 金２（前期）,2017,経済,2017/9/2 23:30,2017/9/2 23:30
425,平出 尚道,欧米経済史,[青山] 金２（通年）,2017,経済,2017/9/2 23:30,2017/9/2 23:30
426,大島 力,キリスト教社会思想史Ⅰ,[青山] 金２（前期）,2017,経済,2017/9/2 23:30,2017/9/2 23:30
427,篠原 進/中村 まづる,産業論(現代の証券),[青山] 金２（前期）,2017,経済,2017/9/2 23:30,2017/9/2 23:30
428,高 準亨,国際金融論Ⅰ,[青山] 金２（前期）,2017,経済,2017/9/2 23:30,2017/9/2 23:30
429,高 準亨,国際金融論,[青山] 金２（通年）,2017,経済,2017/9/2 23:30,2017/9/2 23:30
430,五十嵐 徹,特殊講義(ファイナンス市場分析),[青山] 金２（前期）,2017,経済,2017/9/2 23:31,2017/9/2 23:31
431,宮原 勝一,情報の経済学,[青山] 金２（前期）,2017,経済,2017/9/2 23:31,2017/9/2 23:31
432,伊藤 徹哉,まちづくりと都市計画,[青山] 金２（前期）,2017,経済,2017/9/2 23:31,2017/9/2 23:31
433,本郷 茂,演習(卒業論文),[青山] 金２（通年）/金３（ペア）,2017,経済,2017/9/2 23:31,2017/9/2 23:31
434,山下 喜代,日本語上級-2,[青山] 金２（後期）,2017,経済,2017/9/2 23:31,2017/9/2 23:31
435,菊地 進,統計学概論Ⅱ,[青山] 金２（後期）,2017,経済,2017/9/2 23:31,2017/9/2 23:31
436,矢吹 初,財政学基礎,[青山] 金２（後期）,2017,経済,2017/9/2 23:31,2017/9/2 23:31
437,松尾 孝一,社会政策基礎,[青山] 金２（後期）,2017,経済,2017/9/2 23:31,2017/9/2 23:31
438,平出 尚道,欧米経済史Ⅱ,[青山] 金２（後期）,2017,経済,2017/9/2 23:31,2017/9/2 23:31
439,大島 力,キリスト教社会思想史Ⅱ,[青山] 金２（後期）,2017,経済,2017/9/2 23:31,2017/9/2 23:31
440,高 準亨,国際金融論Ⅱ,[青山] 金２（後期）,2017,経済,2017/9/2 23:31,2017/9/2 23:31
441,五十嵐 徹,特殊講義(金融リスク管理),[青山] 金２（後期）,2017,経済,2017/9/2 23:31,2017/9/2 23:31
442,金子 光,入門経済数学Ⅰ,[青山] 金２（後期）,2017,経済,2017/9/2 23:31,2017/9/2 23:31
443,西川 雅史,公共選択論,[青山] 金２（後期）,2017,経済,2017/9/2 23:31,2017/9/2 23:31
444,加藤 宏,リーディング・コンプリヘンションⅠ(再履修者用),[青山] 金３（通年）,2017,経済,2017/9/2 23:31,2017/9/2 23:31
445,橋本 清一,リーディング・コンプリヘンションⅠ(再履修者用),[青山] 金３（通年）,2017,経済,2017/9/2 23:31,2017/9/2 23:31
446,鈴木 ふさ子,ライティング&コミュニケーション(再履修者用),[青山] 金３（通年）,2017,経済,2017/9/2 23:31,2017/9/2 23:31
447,"MENISH,Marc C.",ライティング&コミュニケーション,[青山] 金３（通年）,2017,経済,2017/9/2 23:31,2017/9/2 23:31
448,"CRANE,Gene A.",リーディング&ディスカッション,[青山] 金３（通年）,2017,経済,2017/9/2 23:31,2017/9/2 23:31
449,舟橋 美香,英語圏の言葉と文化(英語演習),[青山] 金３（通年）,2017,経済,2017/9/2 23:31,2017/9/2 23:31
450,佐藤 惣哉,経済学入門,[青山] 金３（前期）,2017,経済,2017/9/2 23:31,2017/9/2 23:31
451,吉田 健三,経済英語入門,[青山] 金３（前期）,2017,経済,2017/9/2 23:31,2017/9/2 23:31
452,平出 尚道,経済史概論Ⅰ,[青山] 金３（前期）,2017,経済,2017/9/2 23:31,2017/9/2 23:31
453,平出 尚道,経済史概論,[青山] 金３（通年）,2017,経済,2017/9/2 23:32,2017/9/2 23:32
454,菊地 進,統計学概論Ⅰ,[青山] 金３（前期）,2017,経済,2017/9/2 23:32,2017/9/2 23:32
455,菊地 進,統計学概論,[青山] 金３（通年）,2017,経済,2017/9/2 23:32,2017/9/2 23:32
456,顔 菊馨,ファイナンス論基礎,[青山] 金３（前期）,2017,経済,2017/9/2 23:32,2017/9/2 23:32
457,金子 光,地方財政の経済学Ⅰ,[青山] 金３（前期）,2017,経済,2017/9/2 23:32,2017/9/2 23:32
458,髙橋 重雄,専門演習Ⅰ,[青山] 金３（通年）,2017,経済,2017/9/2 23:32,2017/9/2 23:32
459,西川 雅史,専門演習Ⅰ,[青山] 金３（通年）,2017,経済,2017/9/2 23:32,2017/9/2 23:32
460,鹿島 浩之,リスク・マネジメント論,[青山] 金３（通年）,2017,経済,2017/9/2 23:32,2017/9/2 23:32
461,吉田 健三,経済英語入門,[青山] 金３（後期）,2017,経済,2017/9/2 23:32,2017/9/2 23:32
462,平出 尚道,経済史概論Ⅱ,[青山] 金３（後期）,2017,経済,2017/9/2 23:32,2017/9/2 23:32
463,菊地 進,統計学概論Ⅱ,[青山] 金３（後期）,2017,経済,2017/9/2 23:32,2017/9/2 23:32
464,小寺 英司,ファイナンス論,[青山] 金３（後期）,2017,経済,2017/9/2 23:32,2017/9/2 23:32
465,髙橋 朋一,GIS入門,[青山] 金３（後期）,2017,経済,2017/9/2 23:32,2017/9/2 23:32
466,中村 まづる,政策特論A,[青山] 金３（後期）,2017,経済,2017/9/2 23:32,2017/9/2 23:32
467,藤原 徹,住宅と不動産の経済学,[青山] 金３（後期）,2017,経済,2017/9/2 23:32,2017/9/2 23:32
468,金子 光,地方財政の経済学Ⅱ,[青山] 金３（後期）,2017,経済,2017/9/2 23:32,2017/9/2 23:32
469,鹿島 浩之,リスク・マネジメント論Ⅱ,[青山] 金３（後期）,2017,経済,2017/9/2 23:32,2017/9/2 23:32
470,堀 千和子,ライティング&コミュニケーション(再履修者用),[青山] 金４（通年）,2017,経済,2017/9/2 23:32,2017/9/2 23:32
471,鈴木 ふさ子,リーディング・コンプリヘンションⅡ,[青山] 金４（通年）,2017,経済,2017/9/2 23:32,2017/9/2 23:32
472,橋本 清一,リーディング・コンプリヘンションⅡ,[青山] 金４（通年）,2017,経済,2017/9/2 23:32,2017/9/2 23:32
473,"MARTIN,Jerome P.",リーディング&ディスカッション,[青山] 金４（通年）,2017,経済,2017/9/2 23:32,2017/9/2 23:32
474,"MENISH,Marc C.",メディア・イングリッシュA,[青山] 金４（前期）,2017,経済,2017/9/2 23:32,2017/9/2 23:32
475,"MENISH,Marc C.",オーラル・コミュニケーションⅡ,[青山] 金４（通年）,2017,経済,2017/9/2 23:32,2017/9/2 23:32
476,中込 正樹,公共哲学Ⅰ(再履修者用),[青山] 金４（前期）,2017,経済,2017/9/2 23:32,2017/9/2 23:32
477,本郷 茂,情報処理AⅠ,[青山] 金４（前期）,2017,経済,2017/9/2 23:32,2017/9/2 23:32
478,川上 圭,マクロ経済学Ⅲ,[青山] 金４（前期）,2017,経済,2017/9/2 23:32,2017/9/2 23:32
479,本郷 茂,情報処理Ⅰ,[青山] 金４（通年）,2017,経済,2017/9/2 23:33,2017/9/2 23:33
480,矢吹 初,財政学Ⅰ,[青山] 金４（前期）,2017,経済,2017/9/2 23:33,2017/9/2 23:33
481,矢吹 初,財政学,[青山] 金４（通年）,2017,経済,2017/9/2 23:33,2017/9/2 23:33
482,松尾 孝一,特殊講義(雇用制度と労使関係),[青山] 金４（前期）,2017,経済,2017/9/2 23:33,2017/9/2 23:33
483,田中 鮎夢,世界経済論Ⅰ,[青山] 金４（前期）,2017,経済,2017/9/2 23:33,2017/9/2 23:33
484,田中 鮎夢,世界経済論,[青山] 金４（通年）,2017,経済,2017/9/2 23:33,2017/9/2 23:33
485,平出 尚道,演習,[青山] 金４（通年）,2017,経済,2017/9/2 23:33,2017/9/2 23:33
486,平出 尚道,演習(卒業論文),[青山] 金４（通年）/金５（ペア）,2017,経済,2017/9/2 23:33,2017/9/2 23:33
487,金子 光,専門演習Ⅰ,[青山] 金４（通年）,2017,経済,2017/9/2 23:33,2017/9/2 23:33
488,宮原 勝一,専門演習Ⅰ,[青山] 金４（通年）,2017,経済,2017/9/2 23:33,2017/9/2 23:33
489,髙橋 重雄,専門演習Ⅱ,[青山] 金４（前期）,2017,経済,2017/9/2 23:33,2017/9/2 23:33
490,西川 雅史,専門演習Ⅱ,[青山] 金４（前期）,2017,経済,2017/9/2 23:33,2017/9/2 23:33
491,岡田 直己,経済法A,[青山] 金４（前期）,2017,経済,2017/9/2 23:33,2017/9/2 23:33
492,岡田 直己,経済法,[青山] 金４（通年）,2017,経済,2017/9/2 23:33,2017/9/2 23:33
493,"MENISH,Marc C.",メディア・イングリッシュB,[青山] 金４（後期）,2017,経済,2017/9/2 23:33,2017/9/2 23:33
494,川上 圭,経済学入門,[青山] 金４（後期）,2017,経済,2017/9/2 23:33,2017/9/2 23:33
495,本郷 茂,情報処理AⅡ,[青山] 金４（後期）,2017,経済,2017/9/2 23:33,2017/9/2 23:33
496,田中 鮎夢,世界経済論Ⅱ,[青山] 金４（後期）,2017,経済,2017/9/2 23:33,2017/9/2 23:33
497,田代 一聡,データ解析,[青山] 金４（後期）,2017,経済,2017/9/2 23:33,2017/9/2 23:33
498,酒井 吉廣,経済・金融事情(金融機関),[青山] 金４（後期）,2017,経済,2017/9/2 23:33,2017/9/2 23:33
499,髙橋 重雄,基礎演習,[青山] 金４（後期）,2017,経済,2017/9/2 23:33,2017/9/2 23:33
500,西川 雅史,基礎演習,[青山] 金４（後期）,2017,経済,2017/9/2 23:33,2017/9/2 23:33
501,岡田 直己,経済法B,[青山] 金４（後期）,2017,経済,2017/9/2 23:33,2017/9/2 23:33
502,鈴木 ふさ子,リーディング・コンプリヘンションⅠ(再履修者用),[青山] 金５（通年）,2017,経済,2017/9/2 23:33,2017/9/2 23:33
503,中尾 正史,リーディング・コンプリヘンションⅠ(再履修者用),[青山] 金５（通年）,2017,経済,2017/9/2 23:33,2017/9/2 23:33
504,堀 広治,リーディング・コンプリヘンションⅠ(再履修者用),[青山] 金５（通年）,2017,経済,2017/9/2 23:33,2017/9/2 23:33
505,橋本 清一,ライティング&コミュニケーション(再履修者用),[青山] 金５（通年）,2017,経済,2017/9/2 23:34,2017/9/2 23:34
506,浦部 尚志,リーディング・コンプリヘンションⅡ,[青山] 金５（通年）,2017,経済,2017/9/2 23:34,2017/9/2 23:34
507,"MARTIN,Jerome P.",リーディング&ディスカッション,[青山] 金５（通年）,2017,経済,2017/9/2 23:34,2017/9/2 23:34
508,川上 圭,マクロ経済学Ⅰ,[青山] 金５（前期）,2017,経済,2017/9/2 23:34,2017/9/2 23:34
509,本郷 茂,情報処理BⅠ,[青山] 金５（前期）,2017,経済,2017/9/2 23:34,2017/9/2 23:34
510,本郷 茂,情報処理Ⅱ,[青山] 金５（通年）,2017,経済,2017/9/2 23:34,2017/9/2 23:34
511,髙橋 重雄,郊外地域論,[青山] 金５（前期）,2017,経済,2017/9/2 23:34,2017/9/2 23:34
512,中川 辰洋,公共地域政策論(地方創生・地域政策デザイン),[青山] 金５（前期）,2017,経済,2017/9/2 23:34,2017/9/2 23:34
513,金子 光,専門演習Ⅱ,[青山] 金５（前期）,2017,経済,2017/9/2 23:34,2017/9/2 23:34
514,宮原 勝一,専門演習Ⅱ,[青山] 金５（前期）,2017,経済,2017/9/2 23:34,2017/9/2 23:34
515,小笠原 耕司,商法B,[青山] 金５（前期）,2017,経済,2017/9/2 23:34,2017/9/2 23:34
516,小笠原 耕司,商法Ⅰ,[青山] 金５（通年）,2017,経済,2017/9/2 23:34,2017/9/2 23:34
517,川上 圭,マクロ経済学Ⅱ,[青山] 金５（後期）,2017,経済,2017/9/2 23:34,2017/9/2 23:34
518,本郷 茂,情報処理BⅡ,[青山] 金５（後期）,2017,経済,2017/9/2 23:34,2017/9/2 23:34
519,田代 一聡,入門統計学Ⅱ,[青山] 金５（後期）,2017,経済,2017/9/2 23:34,2017/9/2 23:34
520,藤原 徹,都市経済学,[青山] 金５（後期）,2017,経済,2017/9/2 23:34,2017/9/2 23:34
521,西川 雅史,公共マネジメント特論,[青山] 金５（後期）,2017,経済,2017/9/2 23:34,2017/9/2 23:34
522,髙橋 重雄,大都市地域特論,[青山] 金５（後期）,2017,経済,2017/9/2 23:34,2017/9/2 23:34
523,宮原 勝一,基礎演習,[青山] 金５（後期）,2017,経済,2017/9/2 23:34,2017/9/2 23:34
524,小笠原 耕司,商法C,[青山] 金５（後期）,2017,経済,2017/9/2 23:34,2017/9/2 23:34
525,金子 光,卒業論文,[青山] 金６（通年）,2017,経済,2017/9/2 23:34,2017/9/2 23:34
526,森本 真一,リーディング・コンプリヘンションⅡ,[青山] 土１（通年）,2017,経済,2017/9/2 23:34,2017/9/2 23:34
527,白井 邦彦,経済学入門,[青山] 土１（前期）,2017,経済,2017/9/2 23:34,2017/9/2 23:34
528,神尾 将紀,憲法A,[青山] 土１（前期）,2017,経済,2017/9/2 23:34,2017/9/2 23:34
529,神尾 将紀,憲法,[青山] 土１（通年）,2017,経済,2017/9/2 23:34,2017/9/2 23:34
530,神尾 将紀,憲法B,[青山] 土１（後期）,2017,経済,2017/9/2 23:34,2017/9/2 23:34
531,森本 真一,ライティング&コミュニケーション(再履修者用),[青山] 土２（通年）,2017,経済,2017/9/2 23:34,2017/9/2 23:34
532,白井 邦彦,労働経済基礎,[青山] 土２（前期）,2017,経済,2017/9/2 23:35,2017/9/2 23:35
533,松﨑 朱芳,交通経済学Ⅰ,[青山] 土２（前期）,2017,経済,2017/9/2 23:35,2017/9/2 23:35
534,松﨑 朱芳,交通経済学,[青山] 土２（通年）,2017,経済,2017/9/2 23:35,2017/9/2 23:35
535,白井 邦彦,特殊講義(モノ造りの経済学),[青山] 土２（後期）,2017,経済,2017/9/2 23:35,2017/9/2 23:35
536,美甘 哲秀,産業論(総合商社),[青山] 土２（後期）,2017,経済,2017/9/2 23:35,2017/9/2 23:35
537,津山 智行,産業論(バンキングビジネス),[青山] 土２（後期）,2017,経済,2017/9/2 23:35,2017/9/2 23:35
538,松﨑 朱芳,交通経済学Ⅱ,[青山] 土２（後期）,2017,経済,2017/9/2 23:35,2017/9/2 23:35
539,須山 聡,フィールドワーク,[青山] 不定（夏休集中）,2017,経済,2017/9/2 23:35,2017/9/2 23:35
540,森 正樹,英語集中A,[青山] 月１（前期）,2017,経営学部,2017/9/4 0:33,2017/9/4 0:46
541,後藤 郁子,英語集中A,[青山] 月１（前期）,2017,経営学部,2017/9/4 0:33,2017/9/4 0:46
542,松川 孝祐,英語集中C,[青山] 月１（前期）,2017,経営学部,2017/9/4 0:44,2017/9/4 0:46
543,石橋 和代,英語集中C,[青山] 月１（前期）,2017,経営学部,2017/9/4 0:46,2017/9/4 0:46
544,大﨑 繁一,英語集中C,[青山] 月１（前期）,2017,経営学部,2017/9/4 0:46,2017/9/4 0:46
545,吉田 猛,経営学基礎論A,[青山] 月１（前期）,2017,経営学部,2017/9/4 0:46,2017/9/4 0:46
546,上枝 正幸,アカウンティング基礎Ⅰ,[青山] 月１（前期）,2017,経営学部,2017/9/4 0:46,2017/9/4 0:46
547,永井 忠孝,国際文化理解Ⅰ,[青山] 月１（前期）,2017,経営学部,2017/9/4 0:46,2017/9/4 0:46
548,大沼 宏,税務会計論Ⅰ,[青山] 月１（前期）,2017,経営学部,2017/9/4 0:46,2017/9/4 0:46
549,大沼 宏,税務会計論,[青山] 月１（通年）,2017,経営学部,2017/9/4 0:46,2017/9/4 0:46
550,五味 愼太郎,経営演習Ⅱ(1),[青山] 月１（前期）/月２（ペア）,2017,経営学部,2017/9/4 0:46,2017/9/4 0:46
551,伊藤 悟,キリスト教概論Ⅰ,[青山] 月１（前期）,2017,青山スタンダード科目,2017/9/4 2:01,2017/9/4 2:01
552,塩谷 直也,キリスト教概論Ⅰ,[青山] 月１（前期）,2017,青山スタンダード科目,2017/9/4 2:02,2017/9/4 2:02
553,坂本 誠,キリスト教概論Ⅱ,[青山] 月１（前期）,2017,青山スタンダード科目,2017/9/4 2:02,2017/9/4 2:02
554,藤本 満,キリスト教概論Ⅱ,[青山] 月１（前期）,2017,青山スタンダード科目,2017/9/4 2:02,2017/9/4 2:02
555,森島 豊,キリスト教概論Ⅱ,[青山] 月１（前期）,2017,青山スタンダード科目,2017/9/4 2:02,2017/9/4 2:02
